{
  "Ansi 4 Color" : {
    "Red Component" : 0.2879474759101868,
    "Color Space" : "Calibrated",
    "Blue Component" : 0.9987730383872986,
    "Alpha Component" : 1,
    "Green Component" : 0.7288731932640076
  },
  "Tags" : [
    "dark",
    "neon",
    "small"
  ],
  "Ansi 12 Color" : {
    "Red Component" : 0.2879474759101868,
    "Color Space" : "Calibrated",
    "Blue Component" : 0.9987730383872986,
    "Alpha Component" : 1,
    "Green Component" : 0.7288731932640076
  },
  "Right Option Key Sends" : 0,
  "Use Non-ASCII Font" : true,
  "Bold Color" : {
    "Red Component" : 0.9635517001152039,
    "Color Space" : "Calibrated",
    "Blue Component" : 0.963539183139801,
    "Alpha Component" : 1,
    "Green Component" : 0.9635228514671326
  },
  "Ansi 7 Color" : {
    "Red Component" : 0.9312370419502258,
    "Color Space" : "Calibrated",
    "Blue Component" : 0.9263648986816406,
    "Alpha Component" : 1,
    "Green Component" : 0.931364893913269
  },
  "Ansi 8 Color" : {
    "Red Component" : 0.3333576023578644,
    "Color Space" : "Calibrated",
    "Blue Component" : 0.3333532810211182,
    "Alpha Component" : 1,
    "Green Component" : 0.3333476185798645
  },
  "Ansi 9 Color" : {
    "Red Component" : 0.9874743819236755,
    "Color Space" : "Calibrated",
    "Blue Component" : 0.2733488082885742,
    "Alpha Component" : 1,
    "Green Component" : 0.2617007195949554
  },
  "Rows" : 25,
  "Default Bookmark" : "No",
  "Ansi 6 Color" : {
    "Red Component" : 0.5455864667892456,
    "Color Space" : "Calibrated",
    "Blue Component" : 0.9942852258682251,
    "Alpha Component" : 1,
    "Green Component" : 0.9150882959365845
  },
  "Ansi 2 Color" : {
    "Red Component" : 0.3142647445201874,
    "Color Space" : "Calibrated",
    "Blue Component" : 0.4843889474868774,
    "Alpha Component" : 1,
    "Green Component" : 0.9827766418457031
  },
  "Cursor Guide Color" : {
    "Red Component" : 0.6499999761581421,
    "Color Space" : "Calibrated",
    "Blue Component" : 1,
    "Alpha Component" : 0.25,
    "Green Component" : 0.9100000262260437
  },
  "Non-ASCII Anti Aliased" : true,
  "Use Bright Bold" : true,
  "Ansi 10 Color" : {
    "Red Component" : 0.3142647445201874,
    "Color Space" : "Calibrated",
    "Blue Component" : 0.4843889474868774,
    "Alpha Component" : 1,
    "Green Component" : 0.9827766418457031
  },
  "Ambiguous Double Width" : false,
  "Jobs to Ignore" : [
    "rlogin",
    "ssh",
    "slogin",
    "telnet"
  ],
  "Ansi 15 Color" : {
    "Red Component" : 0.9312370419502258,
    "Color Space" : "Calibrated",
    "Blue Component" : 0.9263648986816406,
    "Alpha Component" : 1,
    "Green Component" : 0.931364893913269
  },
  "Foreground Color" : {
    "Red Component" : 0.9216761589050293,
    "Color Space" : "Calibrated",
    "Blue Component" : 0.9021888971328735,
    "Alpha Component" : 1,
    "Green Component" : 0.9272506833076477
  },
  "Working Directory" : "\/Users\/terkel",
  "Blinking Cursor" : false,
  "Disable Window Resizing" : true,
  "Sync Title" : false,
  "Prompt Before Closing 2" : false,
  "BM Growl" : true,
  "Command" : "",
  "Description" : "Default",
  "Mouse Reporting" : true,
  "Screen" : -1,
  "Selection Color" : {
    "Red Component" : 0.5058202147483826,
    "Color Space" : "Calibrated",
    "Blue Component" : 0.7753785848617554,
    "Alpha Component" : 1,
    "Green Component" : 0.6807473301887512
  },
  "Columns" : 80,
  "Idle Code" : 0,
  "Ansi 13 Color" : {
    "Red Component" : 0.9875143766403198,
    "Color Space" : "Calibrated",
    "Blue Component" : 0.7053173780441284,
    "Alpha Component" : 1,
    "Green Component" : 0.2987906634807587
  },
  "Custom Command" : "No",
  "ASCII Anti Aliased" : true,
  "Non Ascii Font" : "MenloForPowerline-Regular 9",
  "Vertical Spacing" : 1,
  "Use Bold Font" : true,
  "Option Key Sends" : 0,
  "Selected Text Color" : {
    "Red Component" : 0,
    "Color Space" : "Calibrated",
    "Blue Component" : 0,
    "Alpha Component" : 1,
    "Green Component" : 0
  },
  "Background Color" : {
    "Red Component" : 0.1176580935716629,
    "Color Space" : "Calibrated",
    "Blue Component" : 0.159778356552124,
    "Alpha Component" : 1,
    "Green Component" : 0.1221526861190796
  },
  "Character Encoding" : 4,
  "Ansi 11 Color" : {
    "Red Component" : 0.9424901008605957,
    "Color Space" : "Calibrated",
    "Blue Component" : 0.5483220219612122,
    "Alpha Component" : 1,
    "Green Component" : 0.9827506542205811
  },
  "Thin Strokes" : 1,
  "Use Italic Font" : true,
  "Unlimited Scrollback" : false,
  "Keyboard Map" : {
    "0xf700-0x260000" : {
      "Text" : "[1;6A",
      "Action" : 10
    },
    "0x37-0x40000" : {
      "Text" : "0x1f",
      "Action" : 11
    },
    "0x32-0x40000" : {
      "Text" : "0x00",
      "Action" : 11
    },
    "0xf709-0x20000" : {
      "Text" : "[17;2~",
      "Action" : 10
    },
    "0xf70c-0x20000" : {
      "Text" : "[20;2~",
      "Action" : 10
    },
    "0xf729-0x20000" : {
      "Text" : "[1;2H",
      "Action" : 10
    },
    "0xf72b-0x40000" : {
      "Text" : "[1;5F",
      "Action" : 10
    },
    "0xf705-0x20000" : {
      "Text" : "[1;2Q",
      "Action" : 10
    },
    "0xf703-0x260000" : {
      "Text" : "[1;6C",
      "Action" : 10
    },
    "0xf700-0x220000" : {
      "Text" : "[1;2A",
      "Action" : 10
    },
    "0xf701-0x280000" : {
      "Text" : "0x1b 0x1b 0x5b 0x42",
      "Action" : 11
    },
    "0x38-0x40000" : {
      "Text" : "0x7f",
      "Action" : 11
    },
    "0x33-0x40000" : {
      "Text" : "0x1b",
      "Action" : 11
    },
    "0xf703-0x220000" : {
      "Text" : "[1;2C",
      "Action" : 10
    },
    "0xf701-0x240000" : {
      "Text" : "[1;5B",
      "Action" : 10
    },
    "0xf70d-0x20000" : {
      "Text" : "[21;2~",
      "Action" : 10
    },
    "0xf702-0x260000" : {
      "Text" : "[1;6D",
      "Action" : 10
    },
    "0xf729-0x40000" : {
      "Text" : "[1;5H",
      "Action" : 10
    },
    "0xf706-0x20000" : {
      "Text" : "[1;2R",
      "Action" : 10
    },
    "0x34-0x40000" : {
      "Text" : "0x1c",
      "Action" : 11
    },
    "0xf700-0x280000" : {
      "Text" : "0x1b 0x1b 0x5b 0x41",
      "Action" : 11
    },
    "0x2d-0x40000" : {
      "Text" : "0x1f",
      "Action" : 11
    },
    "0xf70e-0x20000" : {
      "Text" : "[23;2~",
      "Action" : 10
    },
    "0xf702-0x220000" : {
      "Text" : "[1;2D",
      "Action" : 10
    },
    "0xf703-0x280000" : {
      "Text" : "0x1b 0x1b 0x5b 0x43",
      "Action" : 11
    },
    "0xf700-0x240000" : {
      "Text" : "[1;5A",
      "Action" : 10
    },
    "0xf707-0x20000" : {
      "Text" : "[1;2S",
      "Action" : 10
    },
    "0xf70a-0x20000" : {
      "Text" : "[18;2~",
      "Action" : 10
    },
    "0x35-0x40000" : {
      "Text" : "0x1d",
      "Action" : 11
    },
    "0xf70f-0x20000" : {
      "Text" : "[24;2~",
      "Action" : 10
    },
    "0xf703-0x240000" : {
      "Text" : "[1;5C",
      "Action" : 10
    },
    "0xf701-0x260000" : {
      "Text" : "[1;6B",
      "Action" : 10
    },
    "0xf702-0x280000" : {
      "Text" : "0x1b 0x1b 0x5b 0x44",
      "Action" : 11
    },
    "0xf72b-0x20000" : {
      "Text" : "[1;2F",
      "Action" : 10
    },
    "0x36-0x40000" : {
      "Text" : "0x1e",
      "Action" : 11
    },
    "0xf708-0x20000" : {
      "Text" : "[15;2~",
      "Action" : 10
    },
    "0xf701-0x220000" : {
      "Text" : "[1;2B",
      "Action" : 10
    },
    "0xf70b-0x20000" : {
      "Text" : "[19;2~",
      "Action" : 10
    },
    "0xf702-0x240000" : {
      "Text" : "[1;5D",
      "Action" : 10
    },
    "0xf704-0x20000" : {
      "Text" : "[1;2P",
      "Action" : 10
    }
  },
  "Window Type" : 0,
  "Use HFS Plus Mapping" : false,
  "Initial Text" : "",
  "Background Image Location" : "",
  "Blur" : false,
  "Badge Color" : {
    "Red Component" : 1,
    "Color Space" : "Calibrated",
    "Blue Component" : 0,
    "Alpha Component" : 0.5,
    "Green Component" : 0
  },